jira号,分析问题时间,AI分析结果(飞书链接),AI评论总结,rootcause,结果置信度
VCU-506540,2026-06-24 12:52:02,,,,
VCU-236053,2025-09-22 03:38:46,,,,
VCU-487124,2026-05-08 02:13:22,,,,
VCU-408888,2025-10-22 10:45:23,,,,
VCU-417439,2026-01-25 17:33:48,,,,
VCU-407059,2025-11-11 14:23:57,,,,
VCU-519032,2026-07-13 15:40:34,,,,
VCU-416128,2026-01-26 14:49:25,,,,
VCU-445507,2026-03-16 14:18:23,,,,
VCU-504919,2026-06-18 10:49:04,,,,
VCU-238401,2025-09-01 15:36:35,,,,
VCU-242723,2025-11-17 13:43:10,,,,
VCU-419235,2026-01-07 14:47:42,,,,
VCU-422859,2026-02-05 10:37:20,,,,
VCU-431337,2026-03-25 14:29:02,,,,
VCU-405443,2025-11-19 15:53:01,,,,
VCU-445015,2025-07-02 16:12:43,,,,
VCU-237347,2025-09-04 15:28:11,,,,
VCU-213818,2025-06-19 14:49:07,,,,
VCU-523741,2026-07-24 10:41:56,,,,
VCU-419894,2026-01-21 16:21:37,,,,
VCU-444661,2026-03-15 14:55:15,,,,
VCU-500068,2026-06-10 10:18:44,,,,
VCU-230238,2025-08-12 17:08:10,,,,
VCU-406344,2025-12-23 16:34:30,,,,
VCU-485002,2026-05-07 14:48:20,,,,
VCU-521637,2026-07-20 13:16:49,,,,
VCU-211453,2025-06-11 13:22:57,,,,
VCU-502957,2026-06-16 03:55:48,,,,
VCU-214569,2025-06-11 12:00:39,,,,
VCU-488543,2026-05-15 17:34:25,,,,
VCU-414351,2026-01-28 14:12:11,,,,
VCU-238935,2025-12-04 18:44:51,,,,
VCU-505527,2026-06-22 13:53:42,,,,
VCU-416971,2026-01-07 14:53:14,,,,
VCU-228905,2025-08-20 16:15:09,,,,
VCU-449519,2025-10-16 15:56:04,,,,
VCU-235128,2025-09-23 17:10:05,,,,
VCU-435580,2026-02-01 10:23:27,,,,
VCU-434150,2025-09-23 13:26:10,,,,
VCU-245000,2025-10-29 10:04:32,,,,
VCU-476796,2025-11-19 16:32:40,,,,
VCU-413868,2026-12-19 13:00:55,,,,
VCU-488644,2026-05-16 15:44:49,,,,
VCU-243721,2026-09-04 19:52:25,,,,
VCU-531196,2026-08-12 09:51:11,,,,
VCU-416176,2026-01-29 15:14:48,,,,
VCU-488641,2026-05-16 13:59:49,,,,
VCU-496998,2026-06-04 14:00:23,,,,
VCU-477520,2026-04-21 16:45:17,,,,
,,,,,
VCU-443446,2026-02-05 12:17:42,,,,
VCU-519515,2026-07-13 17:09:13,,,,
VCU-242056,2025-09-29 10:36:52,,,,
VCU-498732,2026-06-08 15:26:31,,,,
VCU-404934,2025-10-29 15:18:42,,,,
VCU-492871,2026-05-26 15:13:30,,,,
VCU-486685,2026-05-12 17:03:31,,,,
VCU-420089,2026-01-07 14:38:10,,,,
VCU-506472,2026-06-24 13:13:53,,,,
VCU-409005,2025-10-16 15:46:43,,,,
VCU-519612,2026-07-14 13:53:48,,,,
VCU-504342,2026-06-17 13:25:11,,,,
VCU-408123,2025-12-25 15:05:34,,,,
VCU-478281,2026-04-17 09:38:46,,,,
VCU-504337,2026-06-17 13:25:07,,,,
VCU-531536,2026-08-13 12:15:54,,,,
VCU-216330,2025-07-26 14:53:10,,,,
VCU-495055,2026-06-01 15:02:52,,,,
VCU-414331,2026-12-16 15:53:13,,,,
VCU-241514,2025-10-21 17:45:42,,,,
VCU-214307,2025-06-11 13:20:17,,,,
VCU-244366,2025-09-25 20:30:52,,,,
VCU-239552,2025-10-15 11:00:57,,,,
VCU-209838,2025-06-20 12:18:07,,,,
VCU-406459,2025-12-22 14:03:36,,,,
VCU-413834,2025-12-19 14:38:02,,,,
VCU-237098,2025-09-09 14:48:12,,,,
VCU-416596,2026-01-28 12:59:38,,,,
VCU-505509,2026-07-06 09:59:31,,,,
VCU-494001,2026-05-28 15:05:50,,,,
VCU-246134,2025-10-30 16:52:23,,,,
VCU-405589,2025-11-24 17:15:53,,,,
VCU-488542,2026-05-15 15:45:23,,,,
VCU-407320,2025-12-05 13:32:00,,,,
VCU-440104,2026-02-26 13:36:08,,,,
VCU-406030,2025-11-14 02:22:50,,,,
VCU-498605,2026-06-08 12:55:40,,,,
VCU-241022,2025-10-12 22:21:07,,,,
VCU-448445,2026-09-04 19:48:25,,,,
VCU-496447,2026-09-04 19:48:25,,,,
VCU-493512,2026-09-04 19:48:27,,,,
VCU-500550,2026-09-04 19:48:27,,,,
VCU-478263,2026-09-04 19:48:27,,,,
VCU-209987,2026-09-04 19:48:27,,,,
VCU-409006,2026-09-04 19:48:27,,,,
VCU-499230,2026-09-04 19:48:27,,,,
VCU-219541,2026-09-04 19:48:27,,,,
VCU-511288,2026-09-04 19:48:27,,,,
VCU-244629,2026-09-04 19:48:27,,,,
VCU-246797,2026-09-04 19:48:28,,,,
,,,,,
VCU-182182,2024-12-06 13:57:54,,,,
VCU-221706,2025-07-17 16:34:21,,,,
VCU-485297,2026-05-26 14:21:44,,,,
VCU-421837,2026-01-12 14:35:22,,,,
VCU-210101,2025-06-25 13:12:10,,,,
VCU-512197,2026-06-29 16:50:59,,,,
VCU-221512,2025-07-15 13:56:08,,,,
VCU-458223,2026-03-25 23:36:18,,,,
VCU-205167,2025-05-19 13:55:39,,,,
VCU-201195,2025-04-01 18:14:00,,,,
VCU-74986,2022-11-11 05:37:51,,,,
VCU-518152,2026-07-10 15:54:24,,,,
VCU-534637,2026-08-19 08:46:20,,,,
VCU-224697,2025-07-14 19:02:53,,,,
VCU-230023,2025-08-22 15:57:14,,,,
VCU-518913,2026-07-03 01:23:46,,,,
VCU-421635,2026-01-10 12:17:46,,,,
VCU-227855,2025-08-12 17:05:21,,,,
VCU-194824,2025-03-20 15:45:19,,,,
VCU-210236,2025-06-18 20:08:11,,,,
,,,,,
VCU-537942,2026-08-27 15:00:28,,,,
VCU-506132,2026-06-23 13:58:21,,,,
VCU-413504,2025-12-29 17:17:28,,,,
VCU-222574,2025-07-02 15:32:57,,,,
VCU-420150,2026-01-09 15:00:28,,,,
VCU-487101,2026-05-13 15:25:38,,,,
VCU-216450,2025-07-28 17:42:31,,,,
VCU-221896,2025-07-02 15:46:46,,,,
VCU-468598,2026-04-09 09:12:12,,,,
VCU-231990,2025-08-06 14:02:13,,,,
