jira号,rootcause,AI评论总结,结果置信度,达标,原因
VCU-124922,非VCU问题,日志断层及PID跳变指向HMIC异常，待排查 [详情: D:\program16\docs\2026-08-31\VCU-124922_comments.md],0.0,否,置信度0.0<0.7，语义相似度0.2<0.7
VCU-151780,按照 CR 844023 删除远程控制类,远程空调设置跳变系属性RUN态不可用，补丁已提交待合入 [详情: D:\program16\docs\2026-08-31\VCU-151780_comments.md],0.603,否,置信度0.603<0.7，语义相似度0.571<0.7
VCU-155057,后排车窗的allowed信号为false，无法控制状态，请对手件确认。,后排车窗INC失效，定位为CAN回调allow信号置false，待查根因 [详情: D:\program16\docs\2026-08-31\VCU-155057_comments.md],0.509,是,
VCU-155122,Observable.zip 导致异常信息变更,zip误用致powerState异常，修复已验证关闭 [详情: D:\program16\docs\2026-08-31\VCU-155122_comments.md],0.752,是,
VCU-156176,"Duplicated with Bug 848027, 对手件available信号为false，以 848027跟踪。",自适应远光灯信号false，state=1根因待查 [详情: D:\program16\docs\2026-08-31\VCU-156176_comments.md],0.869,是,
VCU-156816,requirement change,车窗开关状态未联动，逻辑删除致复现失败，根因待查 [详情: D:\program16\docs\2026-08-31\VCU-156816_comments.md],0.913,是,
VCU-157809,便利上车和遍历下车的available信号都是false，不可用状态，请对手件确认。,信号available为false致座椅通风等不显示，待对手件确认 [详情: D:\program16\docs\2026-08-31\VCU-157809_comments.md],0.65,是,
VCU-162205,wad,标定开启但信号无响应，日志与视频时间不同步 [详情: D:\program16\docs\2026-08-31\VCU-162205_comments.md],0.918,是,
VCU-162230,无售后问题抱怨，且问题感知度极低,信号不可用致功能隐藏，疑版本配置差异待查 [详情: D:\program16\docs\2026-08-31\VCU-162230_comments.md],0.706,是,
VCU-162809,需求变更,BCM信号异常致天窗控制丢失，功能变更待评审 [详情: D:\program16\docs\2026-08-31\VCU-162809_comments.md],0.556,否,置信度0.556<0.7，语义相似度0.15<0.7
VCU-162883,na,设置下发与回调不同步，致0707标定偶发失败 [详情: D:\program16\docs\2026-08-31\VCU-162883_comments.md],0.507,否,置信度0.507<0.7，语义相似度0.318<0.7
VCU-164457,需求要求：快捷控制编辑态无需展示按键的状态，预览区和仓库中的按键应统一显示为 Normal状态。 且自动远光灯之前就为打开的状态，INC进入编辑态后，自动远光灯与其他按钮一起进入Normal状态，符合需求。,信号监听缺失致设置失败，问题待查 [详情: D:\program16\docs\2026-08-31\VCU-164457_comments.md],0.55,否,置信度0.55<0.7，语义相似度0.1<0.7
VCU-165996,没有同步自动除雾/自动座椅加热/自动座椅通风设置项,自动除雾不同步复现，修复效果待实车验证 [详情: D:\program16\docs\2026-08-31\VCU-165996_comments.md],0.535,否,置信度0.535<0.7，语义相似度0.35<0.7
VCU-172174,,,,否,Jira根因分析内容为空
VCU-181064,"557 上无远端控制车机wifi开关功能,当前判断了有该功能后return，导致修改Wifi用户名密码部分代码没有被执行。",后台改密后车机未同步，GMWlanService接收待确认，定位中 [详情: D:\program16\docs\2026-08-31\VCU-181064_comments.md],0.564,否,置信度0.564<0.7，语义相似度0.2<0.7
VCU-194755,测试延期,云端订阅异常嫌疑大，手机未准出，需真机复测 [详情: D:\program16\docs\2026-08-31\VCU-194755_comments.md],0.849,是,
VCU-194932,指令下发链路还未调通,MQTT重复上报致LLM连续失败，根因待查 [详情: D:\program16\docs\2026-08-31\VCU-194932_comments.md],0.523,否,置信度0.523<0.7，语义相似度0.2<0.7
VCU-195517,数据结构发生变化,车端订阅规则未升级致香氛功能异常，已定位待修复 [详情: D:\program16\docs\2026-08-31\VCU-195517_comments.md],0.527,否,置信度0.527<0.7，语义相似度0.377<0.7
VCU-195857,车辆后台配置问题,车云代理异常致VCU通信及证书注册失败，根因待查 [详情: D:\program16\docs\2026-08-31\VCU-195857_comments.md],0.0,否,置信度0.0<0.7，语义相似度0.35<0.7
VCU-196129,界面信息应该没写进报文,车端充电目标值回显异常，指令下发后状态不同步，根因待查 [详情: D:\program16\docs\2026-08-31\VCU-196129_comments.md],0.555,否,置信度0.555<0.7，语义相似度0.2<0.7
VCU-196393,SEAT_PASSENGER_COMPARTMENT_MODE_HMI_REQUEST_EXTENDED_2发送后未置零,VCU模式101与库56不符，致车端不执行 [详情: D:\program16\docs\2026-08-31\VCU-196393_comments.md],0.852,是,
VCU-197199,VXM软件问题，0x424信号回no action后，mode1或mode2回false.断点VC9.4,下电后长链未建，VXM超时致高压不可用，待验证 [详情: D:\program16\docs\2026-08-31\VCU-197199_comments.md],0.543,否,置信度0.543<0.7，语义相似度0.2<0.7
VCU-197304,bus不间断的收到云端的订阅，每次收到订阅都会刷新订阅缓存，随后发送最新的topic数据给云，因为云在不停刷新订阅，所以没刷新一次则pub一次最新数据,云端重复下发FRIDGE_STATUS致状态跳变，待车端确认 [详情: D:\program16\docs\2026-08-31\VCU-197304_comments.md],0.723,是,
VCU-197348,如评论42所述，这个状况无法从技术层面解决，需要改UX交互避免发生，已经和PLM李慧超沟通确认要改交互,快速制冰发热闪跳，系旧pub覆盖UI状态，待复测 [详情: D:\program16\docs\2026-08-31\VCU-197348_comments.md],0.862,是,
VCU-198434,代码问题,VCU发送MODE101异常，CoreService未收值，定位指令环节待查 [详情: D:\program16\docs\2026-08-31\VCU-198434_comments.md],0.917,是,
VCU-199058,代码逻辑,关闭时状态未清空且UI透传，致图标残留，已定位待复测 [详情: D:\program16\docs\2026-08-31\VCU-199058_comments.md],0.895,是,
VCU-199070,手机端代码逻辑model为0或则-1 认为冰箱不正常,手机端误报“暂不可用”，已移除无效mode待复测 [详情: D:\program16\docs\2026-08-31\VCU-199070_comments.md],0.525,否,置信度0.525<0.7，语义相似度0.504<0.7
VCU-201492,当前版本无此问题,车端模式映射错误，致手机端显示行李箱，待确认归属 [详情: D:\program16\docs\2026-08-31\VCU-201492_comments.md],0.0,否,置信度0.0<0.7，语义相似度0.1<0.7
VCU-202283,QNX防火墙问题,休眠唤醒后远控失败，因VCU未响应TCP握手致订阅未发起 [详情: D:\program16\docs\2026-08-31\VCU-202283_comments.md],0.689,否,置信度0.689<0.7，语义相似度0.418<0.7
VCU-205023,ND车型空调的标定与557不一样，标定不同AREAID不同，所以需要通过标定来动态修改areaid,总线信号异常致active未置位，待排查 [详情: D:\program16\docs\2026-08-31\VCU-205023_comments.md],0.522,否,置信度0.522<0.7，语义相似度0.562<0.7
VCU-205537,"原因是VCU有效值只持续了190ms左右，而lin周期是180ms,RFC周期是20ms,再加上误差，190ms时间不能保证lin上能收到有效值。如之前沟通，建议VCU有效值持续300ms再恢复noaction",车端状态同步逻辑异常，致模式6跳变4/3 [详情: D:\program16\docs\2026-08-31\VCU-205537_comments.md],0.754,是,
VCU-206038,冷启动时 通信代理与其他core service客户端启动时间不一致， 收到云端请求时，远控服务还未启动 ，远控服务启动太慢导致无法接收指令,远控异常疑因VCU通信时序，重试未解，需深查 [详情: D:\program16\docs\2026-08-31\VCU-206038_comments.md],0.0,否,置信度0.0<0.7，语义相似度0.35<0.7
VCU-206265,需求理解存在问题，在下发请求时，没有按照 FieldMask 进行处理,云端缺Mode参数致车端崩溃，冰箱异常已修复待合入 [详情: D:\program16\docs\2026-08-31\VCU-206265_comments.md],0.0,否,置信度0.0<0.7，语义相似度0.1<0.7
VCU-206586,comment5的问题在复测后未复现，由于日志被覆盖，问题原因无法定位，持续观察,断电重启后冰饮状态显示异常，问题定位车端或APP逻辑 [详情: D:\program16\docs\2026-08-31\VCU-206586_comments.md],0.532,否,置信度0.532<0.7，语义相似度0.2<0.7
VCU-207543,新增仲裁需求： 如果VCU没有下发并且迎宾没有触发的情况下，发no action。 如果VCU下发并且迎宾没有触发的情况下，透传VCU的信号。 如果VCU下发并且迎宾触发的情况下，迎宾优先级高。（迎宾场景触发时间中，不处理VCU信号，要等待所有的整车灯光迎宾场景结束后 ，才触发VCU信号。）,迎宾SWC仲裁逻辑缺陷致灯光控制失败，修复已合入 [详情: D:\program16\docs\2026-08-31\VCU-207543_comments.md],0.736,是,
VCU-210499,local 8155 property未成功集成进版本，需要用0725及以后版本复测 setusageprofile和vehiclemode都注册了CAN信号PatacProperty.<i>SYSTEM_POWER_MODE；</i>当信号信号回调时在仅触发了setusageprofile，没有触发vehiclemode；,远程启动失败因NDLB未集成REMOTE_VEHICLE_START属性 [详情: D:\program16\docs\2026-08-31\VCU-210499_comments.md],0.613,否,置信度0.613<0.7，语义相似度0.2<0.7
VCU-210539,同 1063283 相同需求原因同 1063283 相同解决方案,VCU流转环节异常，远程座椅温控失效待查 [详情: D:\program16\docs\2026-08-31\VCU-210539_comments.md],0.935,是,
VCU-215255,CoreService冷启动性能问题,冷启动超时属设计，浅休偶发不执行待查 [详情: D:\program16\docs\2026-08-31\VCU-215255_comments.md],0.506,否,置信度0.506<0.7，语义相似度0.1<0.7
VCU-215765,WAD,充电指令未唤醒车辆，因安吉星未注册；注册后屏不亮属正常 [详情: D:\program16\docs\2026-08-31\VCU-215765_comments.md],0.928,是,
VCU-215859,simulator问题,主驾门状态未联动停止逻辑，需查乘客门订阅 [详情: D:\program16\docs\2026-08-31\VCU-215859_comments.md],0.91,是,
VCU-217787,立即充电模式下车端上报开始/结束时间为00，覆盖了手机端缓存数据,预约充电时间显示异常，已定位为APP适配问题，待新包复测 [详情: D:\program16\docs\2026-08-31\VCU-217787_comments.md],0.503,否,置信度0.503<0.7，语义相似度0.1<0.7
VCU-217851,之前版本也存在 1.由于架构设计的SomeIp service是一个回调接口中存在多个不同的参数，包括座椅按摩的档位和强度以及其他参数，每当有一个参数发生变化都会带有其他参数的旧的数据，导致根据最新的回调接口中的参数来更新界面是不对的。 2.根据coment37所述，由于链路较长，导致下发理疗开或者关的时候底层有850ms左右的响应时间，底层信号还未反馈时，操作下一次，会导致信号紊乱；,信号处理异常致座椅按摩失效，已提交补丁待验证 [详情: D:\program16\docs\2026-08-31\VCU-217851_comments.md],0.86,是,
VCU-218317,缓存值导致更新了错误的结束时间,指令执行成功，但手机端状态未同步，已定位并提交补丁 [详情: D:\program16\docs\2026-08-31\VCU-218317_comments.md],0.523,否,置信度0.523<0.7，语义相似度0.2<0.7
VCU-218521,代码原因,充电卡片状态滞后，已修复待验证 [详情: D:\program16\docs\2026-08-31\VCU-218521_comments.md],0.896,是,
VCU-218801,"20. <b><a href=""https://peedp.saic-gm.com/jts/users/sdvi35"">蒯嫚玲,Kuai Manling</a></b> Aug 4, 2025 6:31 PM 根据log VCU发送的上锁解锁是一个reserved 的信号，该CR是在VSC13.0才实施",Coreservice注册时序致车门车窗反馈异常，0718已修复 [详情: D:\program16\docs\2026-08-31\VCU-218801_comments.md],0.623,否,置信度0.623<0.7，语义相似度0.581<0.7
VCU-220600,网络原因,远控定位失败因SOME/IP断链及GNSS丢星，待版本复测 [详情: D:\program16\docs\2026-08-31\VCU-220600_comments.md],0.541,否,置信度0.541<0.7，语义相似度0.15<0.7
VCU-222723,CAN信号调用替换，不可在CoreService内部封装信号进行调用，需要使用info3内的封装好的信号,安吉星未下发且BDF版本不符，问题已定位待确认 [详情: D:\program16\docs\2026-08-31\VCU-222723_comments.md],0.719,是,
VCU-225187,1. 目前只有才app启动时才会把远程天窗控制设置会on， 但是在重置车辆及驾驶设时，把远程天窗控制重置为off。 这个过程app没有重新启动过，所以远程天窗控制一直off状态 2. 远程天窗，远程车窗，远程座椅自动通风，远程座椅自动加热通过loop的方式在4个子线程去执行开启逻辑， 但是使用了同一个usecase， 导致在线程启动之前进行第二loop时修改了usecase的局部变量，在线程真正执,远控天窗失效，因配置off所致，复位恢复，VCU待查 [详情: D:\program16\docs\2026-08-31\VCU-225187_comments.md],0.704,是,
VCU-225230,发现QNX PKI 程序启动加载存储数据到缓存时存在buffer 长度不够的情况，可能是导致冷启动重新DR的原因。,CA写入错位致双向认证失败，待实车复测 [详情: D:\program16\docs\2026-08-31\VCU-225230_comments.md],0.55,否,置信度0.55<0.7，语义相似度0.1<0.7
VCU-225563,发现QNX PKI 程序启动加载存储数据到缓存时存在buffer 长度不够的情况，可能是导致冷启动重新DR的原因。,网络问题致DNS超时及VCU重启，待博世确认 [详情: D:\program16\docs\2026-08-31\VCU-225563_comments.md],0.727,是,
VCU-226779,刷新token时提示try catch,远控失败因RVSS状态不一致，指令未达车端 [详情: D:\program16\docs\2026-08-31\VCU-226779_comments.md],0.7,是,
VCU-229457,启动时序问题，远程服务 注册了监听开机广播，在开机广播收到后，启动 远程服务 失败； 系统层分析 ，启动失败原因是 ，当前服务没有解锁，清单文件没有读写完成，所以启动不来；,远控服务启动失败源于包缺失，已修复并复测通过 [详情: D:\program16\docs\2026-08-31\VCU-229457_comments.md],0.78,是,
VCU-230189,"符合设计意图，拔枪之后，要PSA+切初P档才会将range gained reset 掉。 如果把切P 档的条件去掉，客户在充完电后很可能一进到车里就PSA, 无法看见这个数值。",底层回调为0致上报异常，已定位 [详情: D:\program16\docs\2026-08-31\VCU-230189_comments.md],0.669,否,置信度0.669<0.7，语义相似度0.461<0.7
VCU-230196,"同问题单：<a href=""https://peedp.saic-gm.com/ccm/web/projects/VCS_Info4.0_High_Platform_PATAC_RTC#action=com.ibm.team.workitem.viewWorkItem&id=1105989"">1105989</a>",VCU注入Key不一致，0x16C未发，疑SOMEIP配置异常 [详情: D:\program16\docs\2026-08-31\VCU-230196_comments.md],0.886,是,
VCU-230317,cyclic_offer_delay未配置，使用了默认值1100，导致和VXM不一致,浅休眠唤醒后远控失败，SOME/IP服务缺失致VCU未收offer [详情: D:\program16\docs\2026-08-31\VCU-230317_comments.md],0.502,否,置信度0.502<0.7，语义相似度0.628<0.7
VCU-230777,PDF在处理充电模式切换时，没有成功将已激活的充电模式关闭。,充电指令冲突致模式异常，待复测确认 [详情: D:\program16\docs\2026-08-31\VCU-230777_comments.md],0.0,是,
VCU-231467,因为车机端时间调节请求与不经过Coreservice，所以无法正确的缓存结束时间,连续指令仅处理首条，预约时间未更新，已修复 [详情: D:\program16\docs\2026-08-31\VCU-231467_comments.md],0.868,是,
VCU-231637,判断结束时间是否重复逻辑存在问题,预约充电调节失败，与Bug 1104852同源，修复已验证 [详情: D:\program16\docs\2026-08-31\VCU-231637_comments.md],0.605,否,置信度0.605<0.7，语义相似度0.47<0.7
VCU-232089,监听被移除 导致结束时间无法正常下发,预约充电参数异常致VCU响应错误，待版本修复 [详情: D:\program16\docs\2026-08-31\VCU-232089_comments.md],0.0,否,置信度0.0<0.7，语义相似度0.2<0.7
VCU-233963,"远程启动成功后，方向盘加热的Heated Steering Wheel Levels Available 信号未及时变成two level available, 还在0。导致VCU中的property逻辑认为，此时车端的方向盘加热无法控制，从而未发出请求信号",方向盘加热失败，因信号源异常致VHAL下发受阻 [详情: D:\program16\docs\2026-08-31\VCU-233963_comments.md],0.879,是,
VCU-236039,"同问题 <a href=""https://peedp.saic-gm.com/ccm/web/projects/VCS_Info4.0_High_Platform_PATAC_RTC#action=com.ibm.team.workitem.viewWorkItem&id=1153363"">1153363</a>",防火墙重启丢TCP致车窗控制失败，改无状态规则待评估 [详情: D:\program16\docs\2026-08-31\VCU-236039_comments.md],0.902,是,
VCU-237188,BDF V16.0上线,远光灯失效因信号false，BDF与VCU逻辑不同步，V16待复测 [详情: D:\program16\docs\2026-08-31\VCU-237188_comments.md],0.856,是,
VCU-238243,一样的问题，557 BDF V16.0断点，CR 1113095,AHBA状态2无回调，对手件不响应，同CR1113095 [详情: D:\program16\docs\2026-08-31\VCU-238243_comments.md],0.875,是,
VCU-242699,VCU版本升级后问题已解决，未再复现,远控鸣笛异常定位至coreservice异常topic，待网关日志确认 [详情: D:\program16\docs\2026-08-31\VCU-242699_comments.md],0.72,是,
VCU-243308,mount时候user10未绑定上，导致未上报给APP。异常时候，也未做reset操作。,代码回退致挂载异常，根因未绑定及状态未重置 [详情: D:\program16\docs\2026-08-31\VCU-243308_comments.md],0.935,是,
VCU-243971,同1210699,车窗远控状态比对失败，系信号缺失及版本未合入，主线已修复待验 [详情: D:\program16\docs\2026-08-31\VCU-243971_comments.md],0.0,否,置信度0.0<0.7，语义相似度0.362<0.7
VCU-244337,参数错误,RPC未注册致远控异常，温度已修复，车端根因待查 [详情: D:\program16\docs\2026-08-31\VCU-244337_comments.md],0.922,是,
VCU-244354,VCU使用了真实SOC作为低电量依据，实际应该使用表显SOC值 远控服务目前使用的信号为，High Voltage Battery State of Charge : Battery State of Charge 按照comment7描述，需要修改为，Customer Usable State of Charge 这个是表显的总线信号,SOC信号源误用表显值致显示异常，已修复 [详情: D:\program16\docs\2026-08-31\VCU-244354_comments.md],0.0,是,
VCU-245299,,,,否,Jira根因分析内容为空
VCU-403083,远控冷启动延时较短，coreservice服务还没有启动完成。,SOMEIP未就绪致鸣笛失败，时序问题待定责 [详情: D:\program16\docs\2026-08-31\VCU-403083_comments.md],0.504,否,置信度0.504<0.7，语义相似度0.2<0.7
VCU-404091,<b>vin码通过PatacService再通过诊断服务获取过程中，诊断服务绑定carservice数量超出系统最大限制3000</b>,VCU启动缺VIN致车云建联失败，根因在Car service待复测 [详情: D:\program16\docs\2026-08-31\VCU-404091_comments.md],0.712,是,
VCU-404442,香氛运行时间标定未按照单次远程启动周期设置,香氛超时触发2B000，SOME/IP回调缺失，待OTA修复 [详情: D:\program16\docs\2026-08-31\VCU-404442_comments.md],0.539,否,置信度0.539<0.7，语义相似度0.2<0.7
VCU-405338,从波形图上看，wlan pcie枚举之前bt_en就已经拉高了，bt_en在wlan pcie枚举之前应该维持低电平,WiFi HAL启动失败，上电时序异常致PCIE恢复失效，根因待芯片商确认 [详情: D:\program16\docs\2026-08-31\VCU-405338_comments.md],0.515,否,置信度0.515<0.7，语义相似度0.2<0.7
VCU-408488,是否显示香氛信号返回的是true,车辆香氛异常，已定位为已知Bug 1225933 [详情: D:\program16\docs\2026-08-31\VCU-408488_comments.md],0.536,否,置信度0.536<0.7，语义相似度0.65<0.7
VCU-408831,车窗控制时电池电压低,休眠关窗失败系欠压保护触发，VCU升级后复测通过 [详情: D:\program16\docs\2026-08-31\VCU-408831_comments.md],0.88,是,
VCU-413869,TTS错误,远光灯控制缺失致CallResponse异常，TTS待确认 [详情: D:\program16\docs\2026-08-31\VCU-413869_comments.md],0.88,是,
VCU-414948,香氛模块软件变动，之前的版本支持，到该版本不支持。VCU软件未作变动。 现香氛模块反馈切浓度只能下发如下两条指令： HVAC Infotainment Controls Request Fragrance Diffuser Scent Intensity Level = 有效值 HVAC Infotainment Controls Request Fragrance Diffuser Scent ,香氛2 OFF报错2B017复现，根因未明，新版本已验证修复 [详情: D:\program16\docs\2026-08-31\VCU-414948_comments.md],0.479,否,置信度0.479<0.7，语义相似度0.1<0.7
VCU-415434,在power off的时候，逻辑没有处理mode信号与温度信号。,SOMEIP上报异常致远程控温失败，0129版已修复待验 [详情: D:\program16\docs\2026-08-31\VCU-415434_comments.md],0.705,是,
VCU-415525,无法复现,远控与总线信号时序冲突，致温度异常，已定位待查 [详情: D:\program16\docs\2026-08-31\VCU-415525_comments.md],0.901,是,
VCU-416376,语义问题,语音指令档位解析越界，根因待查，边界覆盖不足 [详情: D:\program16\docs\2026-08-31\VCU-416376_comments.md],0.892,是,
VCU-416446,版本错误。,TTS文案缺陷致播报重复，旧版验证误判，新版已修复 [详情: D:\program16\docs\2026-08-31\VCU-416446_comments.md],0.697,否,置信度0.697<0.7，语义相似度0.2<0.7
VCU-416575,,,,否,Jira根因分析内容为空
VCU-416584,当前设计如此（Critical）,设计逻辑致“智慧顶灯”误按阅读灯控制，待WAD修复 [详情: D:\program16\docs\2026-08-31\VCU-416584_comments.md],0.878,是,
VCU-416643,符合当前需求，WAD,语音控制自动内外循环未开发，语义路由失败待查 [详情: D:\program16\docs\2026-08-31\VCU-416643_comments.md],0.913,是,
VCU-416768,VCU与VXM启动时序问题， 问题出现时VCU中CoreService在收到远控服务的rpc请求后，向VXM中S2S发起请求，此时S2S尚未启动完毕，所以Coreservice报错1B017,远程闪灯偶发失败，定位SomeIP服务及网关指令异常 [详情: D:\program16\docs\2026-08-31\VCU-416768_comments.md],0.524,否,置信度0.524<0.7，语义相似度0.35<0.7
VCU-416873,重复BUG,闪退根因未明，0108版本已验证修复，需继续排查 [详情: D:\program16\docs\2026-08-31\VCU-416873_comments.md],0.884,是,
VCU-416926,问题重复，跟踪1240096即可 by曹达,NLU归一化丢失“模式”语义，致行李舱动作未联动 [详情: D:\program16\docs\2026-08-31\VCU-416926_comments.md],0.499,否,置信度0.499<0.7，语义相似度0.2<0.7
VCU-416987,思必驰的协议字段参数增加了具体的数值,后视镜调节语义参数错配，0107版仍无执行待复测 [详情: D:\program16\docs\2026-08-31\VCU-416987_comments.md],0.518,否,置信度0.518<0.7，语义相似度0.1<0.7
VCU-417002,问题原因：下发语义有误 解决方案：针对投屏指令，当下发停止时，篡改action为关闭 解决时间：20260109 验证时间2026110 by曹达 内部帮测一下,语义解析错误致指令误发，已修复验证 [详情: D:\program16\docs\2026-08-31\VCU-417002_comments.md],0.515,是,
VCU-417083,代码问题,NLU误解析“二排”为后排致指令失效，已修复复测通过 [详情: D:\program16\docs\2026-08-31\VCU-417083_comments.md],0.915,是,
VCU-417623,进入XX模式和退出XX模式，都会移动座椅，目前语音的交互设计都会引导二次确认,座椅播报链路配置差异致TTS缺失及二次确认异常 [详情: D:\program16\docs\2026-08-31\VCU-417623_comments.md],0.891,是,
VCU-417890,问题原因：不支持模式泛话未识别，向下传递过程语义不满足协议表 解决方案：修改泛话逻辑 解决时间：20260112 验证时间20260113 by曹达,实车复测仍复现，根因未明待深挖 [详情: D:\program16\docs\2026-08-31\VCU-417890_comments.md],0.493,否,置信度0.493<0.7，语义相似度0.15<0.7
VCU-417933,四舍五入逻辑错误。,电量目标值取整问题已定位修复，实车验证通过 [详情: D:\program16\docs\2026-08-31\VCU-417933_comments.md],0.513,否,置信度0.513<0.7，语义相似度0.477<0.7
VCU-417944,/,VRDM信号未生效，同Bug 1234794，逻辑待查 [详情: D:\program16\docs\2026-08-31\VCU-417944_comments.md],0.9,是,
VCU-418020,电压波动导致车窗关闭进程停止,总线电压低致关窗卡2%，待PLM确认 [详情: D:\program16\docs\2026-08-31\VCU-418020_comments.md],0.916,是,
VCU-418082,语义下发有误,字段下发错误已修复，待实车验证 [详情: D:\program16\docs\2026-08-31\VCU-418082_comments.md],0.492,否,置信度0.492<0.7，语义相似度0.3<0.7
VCU-418473,方向盘加热分类错误,NLU在“to”处中断致方向盘加热状态不同步，已修复 [详情: D:\program16\docs\2026-08-31\VCU-418473_comments.md],0.907,是,
VCU-418485,复杂车控同步个性化指令，确保下设值与需求保持一致,NLU触发但VRDM未收变更，0113失败，0114修复 [详情: D:\program16\docs\2026-08-31\VCU-418485_comments.md],0.502,否,置信度0.502<0.7，语义相似度0.396<0.7
VCU-418496,TTS错误。,NLU日志缺失致误回复，根因待新版本验证 [详情: D:\program16\docs\2026-08-31\VCU-418496_comments.md],0.938,是,
VCU-418569,问题原因：下发语义有误 解决方案：针对投屏指令，当下发停止时，篡改action为关闭 解决时间：20260109 验证时间2026110 by曹达 内部帮测一下,意图漂移致停止指令被篡改为关闭，ASR待查 [详情: D:\program16\docs\2026-08-31\VCU-418569_comments.md],0.513,是,
VCU-418619,香氛模块软件变动，之前的版本支持，到该版本不支持。VCU软件未作变动。 现香氛模块反馈切浓度只能下发如下两条指令： HVAC Infotainment Controls Request Fragrance Diffuser Scent Intensity Level = 有效值 HVAC Infotainment Controls Request Fragrance Diffuser Scent ,BDF未收enable信号，字段不匹配致换香失败 [详情: D:\program16\docs\2026-08-31\VCU-418619_comments.md],0.855,是,
VCU-418697,重复BUG,燃油补电请求未拉起页面，已定位修复 [详情: D:\program16\docs\2026-08-31\VCU-418697_comments.md],0.624,否,置信度0.624<0.7，语义相似度0.503<0.7
VCU-418775,语义问题，需要dui特殊处理,语音指令槽位映射错误，路由至行车记录仪，待排查 [详情: D:\program16\docs\2026-08-31\VCU-418775_comments.md],0.862,是,
VCU-418788,后续跟进Bug 1238720,NLU状态误判致大床模式语音误触屏，待日志确认修复 [详情: D:\program16\docs\2026-08-31\VCU-418788_comments.md],0.493,是,
VCU-418865,急速制冷冻和冰饮冷藏字段解析相反,语音延迟7.4秒致1020错误，指令未下发，已修复验证 [详情: D:\program16\docs\2026-08-31\VCU-418865_comments.md],0.869,是,
VCU-418921,2533279085461679 topic 被误删除,远控指令因车速数据缺失失败，待需求侧确认 [详情: D:\program16\docs\2026-08-31\VCU-418921_comments.md],0.625,否,置信度0.625<0.7，语义相似度0.488<0.7
VCU-419146,UE设计如此（Critical — 弹窗触发逻辑缺陷）,NLU误判无位置，触发香氛弹窗及多skill跳转 [详情: D:\program16\docs\2026-08-31\VCU-419146_comments.md],0.86,是,
VCU-419193,需求变更,指令下发截断，SOMEIP异常待联电确认闭环 [详情: D:\program16\docs\2026-08-31\VCU-419193_comments.md],0.692,否,置信度0.692<0.7，语义相似度0.1<0.7
VCU-419487,语义问题,0118版本语音指令下发异常，0122已修复 [详情: D:\program16\docs\2026-08-31\VCU-419487_comments.md],0.921,是,
VCU-419580,语义解析问题,主驾阅读灯调光失败，疑推理层问题待查 [详情: D:\program16\docs\2026-08-31\VCU-419580_comments.md],0.869,是,
VCU-419587,代码逻辑问题,温度指令流转异常致数据丢失，已修复验证通过 [详情: D:\program16\docs\2026-08-31\VCU-419587_comments.md],0.908,是,
VCU-419628,语义有问题,云端误召致保电失效，小数识别缺失，0112验证未过待查 [详情: D:\program16\docs\2026-08-31\VCU-419628_comments.md],0.95,是,
VCU-419833,预期结果不对,TTS模板1013文案错误，误引导用户调节氛围灯 [详情: D:\program16\docs\2026-08-31\VCU-419833_comments.md],0.529,是,
VCU-419947,null,副驾零重力/VIP模式启动受限，根因系二排占位触发安全逻辑 [详情: D:\program16\docs\2026-08-31\VCU-419947_comments.md],0.88,是,
VCU-420093,没有超级节能模式的判断,NLU流程中断于on process nlu->to，原因待查 [详情: D:\program16\docs\2026-08-31\VCU-420093_comments.md],0.876,是,
VCU-420204,符合需求（状态对比未追踪：无法确认座椅位置状态是否确实处于最后位置，也无法确认语音助手是否查询了座椅当前位置。）,副驾座椅调节缺极值判断，需补日志验证 [详情: D:\program16\docs\2026-08-31\VCU-420204_comments.md],0.927,是,
VCU-420411,提交 app feature code 到R2,远程指令下发成功但车端无响应，故障码已定位待验证 [详情: D:\program16\docs\2026-08-31\VCU-420411_comments.md],0.691,否,置信度0.691<0.7，语义相似度0.466<0.7
VCU-420588,dup 1253912,RemoteSVC未启动致360出图超时，进程异常待查 [详情: D:\program16\docs\2026-08-31\VCU-420588_comments.md],0.91,是,
VCU-420865,老版本冰箱问题,语音控制报错码5，系core service未发topic，待联电确认 [详情: D:\program16\docs\2026-08-31\VCU-420865_comments.md],0.869,是,
VCU-420881,标定修改,标定已改但充电限值异常仍存，待深查 [详情: D:\program16\docs\2026-08-31\VCU-420881_comments.md],0.0,是,
VCU-420885,不是问题,VRDM未动态监测信号，值5含义待PLM确认 [详情: D:\program16\docs\2026-08-31\VCU-420885_comments.md],0.735,是,
VCU-420976,语音设置tab隐藏的时候没有停止动画播放,语音模式切换致车模控件不同步，后台动画耗CPU待验证 [详情: D:\program16\docs\2026-08-31\VCU-420976_comments.md],0.528,否,置信度0.528<0.7，语义相似度0.35<0.7
VCU-421428,重复BUG,VRDM请求无响应，doNativeCommand返回空对象已定位修复 [详情: D:\program16\docs\2026-08-31\VCU-421428_comments.md],0.901,是,
VCU-421444,语义问题，缺少字段，已更新,车内灯调节偶发失效，算法环节待发版验证 [详情: D:\program16\docs\2026-08-31\VCU-421444_comments.md],0.519,否,置信度0.519<0.7，语义相似度0.1<0.7
VCU-421511,跟踪1237895 重复单,NLU误映射“抽烟”为开窗，外循环指令缺失，修复8775-0109已确认 [详情: D:\program16\docs\2026-08-31\VCU-421511_comments.md],0.934,是,
VCU-421581,"同:1240320,跟踪1240320单，关闭此单",NLU节点异常已修复，座椅通风关联待查 [详情: D:\program16\docs\2026-08-31\VCU-421581_comments.md],0.619,否,置信度0.619<0.7，语义相似度0.2<0.7
VCU-421598,语义问题,随机轮换模式解析异常致语音拒识，根因已定位并修复验证 [详情: D:\program16\docs\2026-08-31\VCU-421598_comments.md],0.905,是,
VCU-421787,TTS返回错误。,NLU意图解析异常致三排大床模式切换失败，已修复验证 [详情: D:\program16\docs\2026-08-31\VCU-421787_comments.md],0.855,是,
VCU-421789,座椅理疗模式时长缩短一小时/座椅理疗模式时长减少一小时，无语义下发，修改技能下发时序，预计30号可验证 其余反馈内置语义处理，预计0202发版，0203验证,理疗语音指令偶发异常，版本间复现不稳定，根因未明 [详情: D:\program16\docs\2026-08-31\VCU-421789_comments.md],0.511,否,置信度0.511<0.7，语义相似度0.2<0.7
VCU-421818,不是bug,语音服务崩溃致指令丢失，日志缺失待补证 [详情: D:\program16\docs\2026-08-31\VCU-421818_comments.md],0.539,否,置信度0.539<0.7，语义相似度0.515<0.7
VCU-421970,对话归一问题,语义解析异常致遮阳帘开度不足，0115版本仍复现待查 [详情: D:\program16\docs\2026-08-31\VCU-421970_comments.md],0.888,是,
VCU-423093,使用 powertainmanager 前没有初始化 VehicleController,RPC注册晚于请求，类型不匹配致误判失败 [详情: D:\program16\docs\2026-08-31\VCU-423093_comments.md],0.546,否,置信度0.546<0.7，语义相似度0.475<0.7
VCU-423625,当前实车环境无法复现该问题,云端缓存未感知离线，致指令失败3V006，短信唤醒恢复 [详情: D:\program16\docs\2026-08-31\VCU-423625_comments.md],0.541,否,置信度0.541<0.7，语义相似度0.472<0.7
VCU-424269,根据PLM回复，接受现状，在RSE2.0中修复,VCU迎宾模式抢占指令，ND557待RSE2.0修复 [详情: D:\program16\docs\2026-08-31\VCU-424269_comments.md],0.546,是,
VCU-425029,用户设置备车时香氛存在，但是后续香氛被拔出，这个时候预约备车应该先对用户展示了备车成功，然后再将香氛实际状态更新出来，这个设计认为是合理的,香氛卡未插，浓度误报70%，疑似插入状态判断缺陷 [详情: D:\program16\docs\2026-08-31\VCU-425029_comments.md],0.55,否,置信度0.55<0.7，语义相似度0.2<0.7
VCU-431772,,,,否,Jira根因分析内容为空
VCU-436082,,,,否,Jira根因分析内容为空
VCU-437309,功能未到打开节点，VC8.0打开,远光灯失效已定位，补丁修复并发布 [详情: D:\program16\docs\2026-08-31\VCU-437309_comments.md],0.55,否,置信度0.55<0.7，语义相似度0.537<0.7
VCU-437323,,,,否,Jira根因分析内容为空
VCU-440216,,,,否,Jira根因分析内容为空
VCU-445077,BDF-F1为在164报文上反馈远光灯的状态信号,远光灯失控，BDF未改164信号值致逻辑异常 [详情: D:\program16\docs\2026-08-31\VCU-445077_comments.md],0.0,是,
VCU-445324,协议修改,云端协议链路可用，但“四座尊享”指令失败点未定位，日志缺失待查 [详情: D:\program16\docs\2026-08-31\VCU-445324_comments.md],0.686,否,置信度0.686<0.7，语义相似度0.15<0.7
VCU-445371,,,,否,Jira根因分析内容为空
VCU-446557,功能未到打开节点，VC8.0打开,VHAL属性获取失败及configArray为空致AHBA不可用，待CAN trace确认根因 [详情: D:\program16\docs\2026-08-31\VCU-446557_comments.md],0.62,否,置信度0.62<0.7，语义相似度0.6<0.7
VCU-449186,首轮拒识，次轮会落闲聊，反馈修复,语音指令误识别致语义解析失败，根因已定位 [详情: D:\program16\docs\2026-08-31\VCU-449186_comments.md],0.539,否,置信度0.539<0.7，语义相似度0.2<0.7
VCU-449447,需求变更,语音控制顶灯失效，TTS无响应且信号未下发，待排查 [详情: D:\program16\docs\2026-08-31\VCU-449447_comments.md],0.656,否,置信度0.656<0.7，语义相似度0.381<0.7
VCU-468531,网关someip avl状态在str下已知问题，存在快速状态切换。在此切换期间，someip unavl时收到了远控服务的车速订阅请求，由于someip不可用未执行向下订阅。继而在此轮13s的按需订阅周期内，someip avl恢复，且收到新的一次车速订阅请求，coreservice未退出上一轮状态机未向下订阅，直到13s超时取消订阅后，有新请求过来，功能恢复。,订阅晚于恢复，CoreService取消致车速topic漏报 [详情: D:\program16\docs\2026-08-31\VCU-468531_comments.md],0.525,是,
VCU-471542,第三方,SOME/IP订阅成功但未收到topic数据，待香氛专家排查 [详情: D:\program16\docs\2026-08-31\VCU-471542_comments.md],0.851,是,
VCU-471552,第三方,总线信号无响应，RPC处理环节异常，日志断层待查 [详情: D:\program16\docs\2026-08-31\VCU-471552_comments.md],0.503,否,置信度0.503<0.7，语义相似度0.1<0.7
VCU-478178,null,远程启动失败：信号异常致超时，需核对配置 [详情: D:\program16\docs\2026-08-31\VCU-478178_comments.md],0.928,是,
VCU-480105,车窗的状态高频上报可能引起coreservice时序出错上报,车窗状态未更新，coreService上报链路中断 [详情: D:\program16\docs\2026-08-31\VCU-480105_comments.md],0.0,是,
VCU-486487,,,,否,Jira根因分析内容为空
VCU-489032,第三方,远光灯指令缺lowbeam字段，致VCU信号丢失 [详情: D:\program16\docs\2026-08-31\VCU-489032_comments.md],0.626,否,置信度0.626<0.7，语义相似度0.31<0.7
VCU-489130,已在博世实车的两个VC版本上复测，不复现,网络标志位未恢复致建联失败，待BOSCH确认 [详情: D:\program16\docs\2026-08-31\VCU-489130_comments.md],0.702,是,
VCU-489274,,,,否,Jira根因分析内容为空
VCU-491630,远控遮阳帘不上线，关闭此问题。,软件版本缺陷致下电执行失败，待需求确认 [详情: D:\program16\docs\2026-08-31\VCU-491630_comments.md],0.863,是,
VCU-494075,应FO 要求问题关闭,并发发包致Poll超时，触发2B017错误码 [详情: D:\program16\docs\2026-08-31\VCU-494075_comments.md],0.942,是,
VCU-498169,根因同VCU-498177，board id兼容问题,中控显示链路异常致无图层输出，待Bosch排查 [详情: D:\program16\docs\2026-08-31\VCU-498169_comments.md],0.545,否,置信度0.545<0.7，语义相似度0.1<0.7
VCU-512909,BDF机电层再C1项目上变更原子能力使用策略后，C1遮阳帘控制改为使用新的原子能力，远程产品线未被同步,RPC天窗失效，LIN位置信号恒0，疑VCU或硬件变更影响 [详情: D:\program16\docs\2026-08-31\VCU-512909_comments.md],0.539,否,置信度0.539<0.7，语义相似度0.2<0.7
VCU-514467,[^gmlogger_2026_6_30_15_41_48.z01],车端前链路延迟近2分钟，需后台抓包定位 [详情: D:\program16\docs\2026-08-31\VCU-514467_comments.md],0.637,否,置信度0.637<0.7，语义相似度0.352<0.7
VCU-514916,网络模块发送7539时MCU处于休眠状态，未接收到,ICM已知缺陷致VCU无网，备车及上游待查 [详情: D:\program16\docs\2026-08-31\VCU-514916_comments.md],0.956,是,
VCU-515011,,,,否,Jira根因分析内容为空
VCU-523000,编译版本时使用了 8775的apk,RPC超时未回调致2B017，车端验证通过，待查gear及链路 [详情: D:\program16\docs\2026-08-31\VCU-523000_comments.md],0.65,否,置信度0.65<0.7，语义相似度0.421<0.7
VCU-523002,编译版本时使用了 8775的apk,车端版本缺陷致远控上锁失败，升级验证通过；HAL下发ECU执行失败待查 [详情: D:\program16\docs\2026-08-31\VCU-523002_comments.md],0.535,否,置信度0.535<0.7，语义相似度0.486<0.7
VCU-523014,mqttmp 探测器服务pod内部网络异常，已修复，请重新测试，谢谢,MQTTMP损坏致powerMode=2误触发短信唤醒 [详情: D:\program16\docs\2026-08-31\VCU-523014_comments.md],0.774,是,
VCU-525874,车型PM给的车能力错误,配置缺失致执行器无响应，待查上层调用逻辑 [详情: D:\program16\docs\2026-08-31\VCU-525874_comments.md],0.0,否,置信度0.0<0.7，语义相似度0.2<0.7
VCU-530446,灯光中发送someip请求格式错误,信号设置后100ms归零致远近光指令丢失 [详情: D:\program16\docs\2026-08-31\VCU-530446_comments.md],0.523,否,置信度0.523<0.7，语义相似度0.1<0.7
VCU-53182,root cause:当前软件持续无法复现该问题，原Log不足，无法分析，所以需要走不复现流程 solution：请验证同时测试三个版本 验证版本：PATAC=458_163_ppv3-20220508-RQB23C-79;验证20次未复现问题，继续观察 验证版本：PATAC= 458_R2_NS1-20220528-RQB23C-6; 台架验证10次 未复现问题 验证版本：PATAC= 458_,ACall与ECall音量组别差异致挂断后音量异常，复测不稳定待查 [详情: D:\program16\docs\2026-08-31\VCU-53182_comments.md],0.754,是,
VCU-534716,车窗触发防夹导致,右后窗偶发防夹误触发，原因未明待查 [详情: D:\program16\docs\2026-08-31\VCU-534716_comments.md],0.975,是,
VCU-536319,,,,否,Jira根因分析内容为空
VCU-537074,版本打包问题,初始化时序缺陷致CarPropertyExtensionManager空引用报错 [详情: D:\program16\docs\2026-08-31\VCU-537074_comments.md],0.711,是,
VCU-537348,REASON_PM_NON_OFF 错误状态没有映射到ConstantConnectUnavailableReason,VCU静默丢NTF，补丁待车端验证 [详情: D:\program16\docs\2026-08-31\VCU-537348_comments.md],0.916,是,
VCU-537367,"{noformat} Precondition 唤醒车机；车机启动正常 Operation 1、导出安卓gmlogger日志 2、执行 Android Selinux 脚本扫描lgmlogger日志 Observation 测试结果中存有进程权限问题 Filed against to PATAC, 7 Logs for Source Context u:r:system_app:s0: ['loc",SELinux权限疑云，补丁修复后版本已解决 [详情: D:\program16\docs\2026-08-31\VCU-537367_comments.md],0.554,是,
VCU-537386,【直接原因】在特定车辆配置变更的场景下，系统未能正确调用车标位置更新方法，导致车标位置显示异常。 【根本原因】需求文档中未明确指出在车辆配置变更时需要更新车标位置，导致开发人员在实现功能时忽略了这一逻辑，最终在代码中缺少了调用相关方法的处理。,分屏切换致地图中心偏移，type逻辑不一致且未验证修复 [详情: D:\program16\docs\2026-08-31\VCU-537386_comments.md],0.602,否,置信度0.602<0.7，语义相似度0.15<0.7
VCU-537403,,,,否,Jira根因分析内容为空
VCU-537460,,,,否,Jira根因分析内容为空
VCU-537757,云端服务实例某个节点重启时 遭遇数据库连接超时 加载配置信息失败， 导致 c2d 消息下发 探测设备在线永远失败，一定触发离线短信唤醒,云端离线判定逻辑存疑，CommProxy异常待查 [详情: D:\program16\docs\2026-08-31\VCU-537757_comments.md],0.636,否,置信度0.636<0.7，语义相似度0.35<0.7
VCU-537758,第三方问题,车门锁执行异常且反馈缺失，MAC校验待查 [详情: D:\program16\docs\2026-08-31\VCU-537758_comments.md],0.921,是,
VCU-538296,"任务状态查询下发过早master 在 05:54:56 就下发，但 LogUploader/Twin 要到 05:55:00~01 才注册完成,导致没有收到同步请求。",云端离线因注册链路断裂，差异待查 [详情: D:\program16\docs\2026-08-31\VCU-538296_comments.md],0.425,否,置信度0.425<0.7，语义相似度0.2<0.7
VCU-538491,,,,否,Jira根因分析内容为空
VCU-538677,,,,否,Jira根因分析内容为空
VCU-538862,,,,否,Jira根因分析内容为空
VCU-538864,,,,否,Jira根因分析内容为空
VCU-76192,"根本原因：smartcontrol 自动远光灯，在 IPC仪表控制 灯光时，信号下发的流程是 : Action 。（在手指松开抬起时，没有下发 noAction） 短期方案：smartcontrol 自动远光灯，在 IPC仪表控制 灯光时，信号下发的流程是 : Action 。并且 在手指松开抬起时，需要下发 noAction , 即信号按照这个 流程下发 ： On--> No Action 长期",VCU策略缺失致AHBA未自动切换，待软件更新 [详情: D:\program16\docs\2026-08-31\VCU-76192_comments.md],0.0,否,置信度0.0<0.7，语义相似度0.2<0.7
